"bacino_idrografico","corso_d_acqua","corpo_idrico"
"MELLA","Mella (Fiume)","IT03N0080600083LO"
"OLONA-LAMBRO MERIDIONALE","Vellone (Torrente)","IT03N00804400201A1LO"
"BREMBO","Dordo (Torrente)","IT03N008001006422LO"
"Po","Olona Meridionale (Fiume)","IT03N0080612LO"
"SERIO","Zerra (Torrente)","IT03N0083290010101012LO"
"MINCIO","Seriola Marchionale (Canale)","IT03POMI3OSMACA1LO"
"ADDA PRELACUALE","Saiento (Torrente)","IT03N0080010731LO"
"LAGO DI COMO (LARIO)","Faloppia (Torrente)","IT03N00800105501121IN"
"OGLIO SOPRALACUALE","Trobiolo (Torrente)","IT03N0080600171LO"
"OGLIO SUBLACUALE","Seriola Nuova di Chiari (Canale)","IT03POOG3NUCA1LO"
"OGLIO SOPRALACUALE","Ogliolo di Monno (Torrente)","IT03N0080600221LO"
"LAMBRO","Lambro (Fiume)","IT03N0080444LO"
"ADDA PRELACUALE","Adda (Fiume)","IT03N0080011LO"
"ADDA PRELACUALE","Frodolfo (Torrente)","IT03N0080010101LO"
"BREMBO","Enna (Torrente)","IT03N008001006031LO"
"CHIESE SUBLACUALE","Chiese (Fiume)","IT03N00806000415LO"
"ADDA PRELACUALE","Valle di Aprica (Torrente)","IT03N008001003011LO"
"MELLA","Gambidolo (Torrente)","IT03N008060008071LO"
"OGLIO SUBLACUALE","Oglio (Fiume)","IT03N0080606BLO"
"ADDA SUBLACUALE","Adda (Fiume)","IT03N00800110LO"
"ADDA PRELACUALE","Poschiavino (Torrente)","IT03N0080010201LO"
"LAGO DI COMO (LARIO)","Varrone (Torrente)","IT03N0080010273LO"
"OGLIO SOPRALACUALE","Gleno (Torrente)","IT03N008060005081LO"
"TICINO SUBLACUALE","Lenza (Torrente)","IT03N0080980191LO"
"CHIESE SUBLACUALE","Vendra di Vallio (Torrente)","IT03N008060004101LO"
"MINCIO","Osone Vecchio (Cavo)","IT03POMI3OSCA1LO"
"LAMBRO","Sillaro Salerano","IT03N0080440441LO"
"Po","Il Riolo (Canale)","IT03N0083541LO"
"LAGO DI LUGANO (CERESIO)","Telo di Osteno (Torrente)","IT03N00809803505071LO"
"LAMBRO","Lambro (Fiume)","IT03N0080442LO"
"LAGO D'ISEO (SEBINO)","Valle di Rino (Torrente)","IT03N0080600811LO"
"ADDA SUBLACUALE","La Molgora (Torrente)","IT03N008001191012LO"
"OGLIO SUBLACUALE","Bolgare (Roggia)","IT03POOG3CE3BOCA1LO"
"OGLIO SOPRALACUALE","Oglio (Fiume)","IT03N0080604LO"
"Po","Staffora (Torrente)","IT03N0080881IR"
"SEVESO","Terrò (Torrente)","IT03N00800109101011LO"
"MINCIO","Mincio (Fiume)","IT03N0080567LO"
"Po","Ghiaia di Montalto (Torrente)","IT03N0080220011LO"
"OGLIO SUBLACUALE","Vescovada (Roggia)","IT03POOG3VECA1LO"
"FISSERO-TARTARO","Derbasco (Canale)","ITARW01FI05100010LO"
"TICINO SUBLACUALE","Arno (Torrente)","IT03N008001A1LO"
"OGLIO SUBLACUALE","Rillo (Torrente)","IT03N008060003A1LO"
"MELLA","Mella (Fiume)","IT03N0080600081LO"
"LAMBRO","Bova (Torrente)","IT03N0080440071LO"
"BREMBO","Brembilla (Roggia)","IT03POAD3BRBMCLO"
"TICINO SUBLACUALE","Scolmatore Piene Nord - Ovest (Canale)","IT03POTI3SNCA1LO"
"ADDA SUBLACUALE","Muzza (Colatore)","IT03POAD3MUCA1LO"
"MELLA","Mella (Fiume)","IT03N0080600082LO"
"OGLIO SUBLACUALE","Seriola Fusia (Roggia)","IT03POOG3FUCA1LO"
"OGLIO SUBLACUALE","Naviglio S. Zeno (Canale) - Naviglio Inferiore di Isorella (Canale) - Naviglio di Canneto (Canale)","IT03POOG3NICA1LO"
"Po","Reale (Colatore) - Divisa (Colatore)","IT03N0082821LO"
"Po","Po (Fiume)","ITIRN00814IR"
"OGLIO SUBLACUALE","Dugale Casumenta (Canale)","IT03POOG3NACA1LO"
"OGLIO SUBLACUALE","Laghetto (Colatore)","IT03POOG3MACLCA1LO"
"OGLIO SUBLACUALE","Oglio (Fiume)","IT03N0080606LO"
"SERIO","Morla (Torrente)","IT03N0080010232501012LO"
"Po","Terdoppio (Torrente)","IT03N0080961IR"
"LAGO DI COMO (LARIO)","Pioverna (Torrente)","IT03N0080010192LO"
"Po","Morbasco (Colatore)","IT03POMBCA1LO"
"LAGO DI COMO (LARIO)","Caldone (Torrente)","IT03N0080011621LO"
"SERIO","Serio (Fiume)","IT03N0080010238LO"
"SERIO","Serio (Fiume)","IT03N0080010235LO"
"MELLA","Gombiera (Torrente)","IT03N008060008021LO"
"BREMBO","Brembo di Carona (Fiume)","IT03N0080010062LO"
"LAGO DI COMO (LARIO)","Varrone (Torrente)","IT03N0080010272LO"
"ADDA SUBLACUALE","Adda (Fiume)","IT03N00800112LO"
"Po","Scuropasso (Torrente)","IT03N0080852LO"
"LAMBRO","Bevera (Rio)","IT03N0080440311LO"
"LAGO DI COMO (LARIO)","Sanagra (Torrente)","IT03N0080011482LO"
"LAMBRO","Addetta (Colatore)","IT03N0080440701LO"
"SPOL","Federia (Torrente)","IT030000010011LO"
"Po","Po (Fiume)","ITIRN00815IR"
"ADDA SUBLACUALE","Curone (Torrente)","IT03N008001191010101011LO"
"OGLIO SOPRALACUALE","Grigna (Torrente)","IT03N0080600272LO"
"OGLIO SUBLACUALE","Oglio (Fiume)","IT03N0080605LO"
"Po","Brembiolo (Roggia)","IT03N0082500032LO"
"BREMBO","Brembo di Mezzoldo (Fiume)","IT03N008001006012LO"
"LAMBRO","Lambro (Fiume)","IT03N0080445LO"
"OGLIO SOPRALACUALE","Valle del Resio (Torrente)","IT03N008060072011LO"
"Po","Roncocorrente (Canale)","IT03POROCA1LO"
"CHIESE SUBLACUALE","Chiese (Fiume)","IT03N00806000412LO"
"MELLA","Valle Pisseri (Torrente)","IT03N00806000804011LO"
"ADDA PRELACUALE","Adda (Fiume)","IT03N0080014BLO"
"LAMBRO","Lisone (Cavo)","IT03N0080440052LO"
"ADDA PRELACUALE","Adda (Fiume)","IT03N0080017LO"
"FISSERO-TARTARO","Fissero (Canale) - Canalbianco (Canale)","ITARW01FI00100050LV"
"LAGO DI COMO (LARIO)","Grigna (Torrente)","IT03N008001162011LO"
"BREMBO","Ambriola (Torrente)","IT03N008001006161LO"
"LAGO DI LUGANO (CERESIO)","Solda (Torrente)","IT03N00809803505081LO"
"MERA","Val Mengasca (Torrente)","IT03N008001018361LO"
"MINCIO","Mincio (Fiume)","IT03N0080566LO"
"LAGO D'ISEO (SEBINO)","Valle Trobiolo (Torrente)","IT03N0080600761LO"
"OGLIO SOPRALACUALE","Poja di Salarno (Torrente)","IT03N008060013021LO"
"OGLIO SUBLACUALE","Naviglio Grande Bresciano (Canale)","IT03POOG3NBCA1LO"
"Po","Brembiolo (Roggia)","IT03N0082500031LO"
"LAGO D'ISEO (SEBINO)","Italsider (Canale)","IT03POOG2ITCA1LO"
"MINCIO","Caldone (Canale)","IT03POMI3GOCA1LO"
"BREMBO","Valle Piazzatorre (Torrente)","IT03N00800100601011LO"
"Po","Tidone (Torrente)","IT03N0080991LO"
"Po","Nizza (Torrente)","IT03N0080880141LO"
"Po","Staffora (Torrente)","IT03N0080883LO"
"OGLIO SUBLACUALE","Cherio (Fiume)","IT03N0080600033LO"
"SERIO","Cresmiero (Roggia)","IT03POAD3SECRCLO"
"OLONA-LAMBRO MERIDIONALE","Bevera (Torrente)","IT03N00804100201011LO"
"ADDA SUBLACUALE","Acqua Rossa (Roggia)","IT03POAD3SEARCLO"
"SERIO","Nesa (Torrente)","IT03N008001023231LO"
"OGLIO SOPRALACUALE","Val Grande ( Torrente)_x000D_","IT03N008001008B1LO_x000D_"
"Po","Naviglio Dugale Robecco (Canale)","IT03POMBCENRCA1LO"
"OLONA-LAMBRO MERIDIONALE","Merlata (Torrente)","IT03N0080410020107012LO"
"ADDA PRELACUALE","Frodolfo (Torrente)","IT03N0080010102LO"
"OGLIO SOPRALACUALE","Lanico (Torrente)","IT03N0080600711LO"
"MINCIO","Fossamana (Fosso)","IT03POMI4FOCA1LO"
"OGLIO SOPRALACUALE","Dezzo (Torrente)","IT03N0080600051LO"
"OLONA-LAMBRO MERIDIONALE","Lura (Torrente)","IT03N00804400201011LO"
"LAGO MAGGIORE (VERBANO)","Rancina (Torrente) - Caprera (Rio)","IT03N00809803507A1LO"
"TICINO SUBLACUALE","Strona (Torrente)","IT03N0080980281LO"
"LAGO DI COMO (LARIO)","Gallavesa (Torrente)","IT03N0080010621LO"
"SERIO","Morla (Torrente)","IT03N0080010232501011LO"
"Po","Olona (Roggia)","IT03N0080611LO"
"OLONA-LAMBRO MERIDIONALE","Lambro Meridionale (Fiume)","IT03N0080440022LO"
"ADDA PRELACUALE","Valfontana (Torrente)","IT03N0080010092LO"
"Po","Po (Fiume)","ITIRN00817IR"
"OGLIO SUBLACUALE","Ciria (Cavo)","IT03POOG3MGCICA1LO"
"OGLIO SUBLACUALE","Naviglio Grande Pallavicino (Canale)","IT03POOG3CVNNCA1LO"
"MINCIO","Redone (Torrente)","IT03N0080560052LO"
"OGLIO SUBLACUALE","Uria (Torrente)","IT03N0080600352LO"
"BREMBO","Brembo (Fiume)","IT03N0080010064LO"
"Po","Fossadone","IT03N0083551LO"
"LAGO MAGGIORE (VERBANO)","Tresa (Fiume)","IT03N0080980351IN"
"OGLIO SUBLACUALE","Oglio (Fiume)","IT03N0080608LO"
"Po","Olonetta di Zerbo (Colatore)","IT03N0083011IR"
"LAGO DI GARDA (BENACO)","Valle del Piles (Torrente)","IT03N008056007471LO"
"LAMBRO","Naviglio Martesana (Canale)","IT03POLSSEMACA1LO"
"ADDA SUBLACUALE","Molgoretta (Torrente)","IT03N00800119101012LO"
"LAGO DI LUGANO (CERESIO)","Bolletta  (Rio)","IT03N0080980350513021LO"
"LAMBRO","Lambro (Fiume)","IT03N0080447LO"
"ADDA PRELACUALE","Roasco (Torrente)","IT03N0080010222LO"
"ADDA SUBLACUALE","Stanga Marchesa (Roggia)","IT03POAD3SMSTCLO"
"TICINO SUBLACUALE","Ticino (Fiume)","IT03N0080985LO"
"BREMBO","Dordo (Torrente)","IT03N008001006421LO"
"ADDA PRELACUALE","Adda (Fiume)","IT03N0080015LO"
"Po","Trigolaro (Colatore)","IT03PORMTRCA1LO"
"OGLIO SUBLACUALE","Seriola Castrina (Canale)","IT03POOG3CSCA1LO"
"OLONA-LAMBRO MERIDIONALE","Ranza (Torrente)","IT03N00804100201021LO"
"ADDA SUBLACUALE","Molgoretta (Torrente)","IT03N00800119101011LO"
"ADDA SUBLACUALE","Sonna (Torrente)","IT03N0080011752LO"
"BREMBO","Brembo (Fiume)","IT03N0080010065LO"
"LAGO DI COMO (LARIO)","Valle Di Villa (Torrente)","IT03N008001055471LO"
"SERIO","Serio (Fiume)","IT03N0080010234LO"
"BREMBO","Quisa (Torrente)","IT03N008001006222LO"
"LAGO D'ISEO (SEBINO)","Bagnadore (Torrente)","IT03N0080600791LO"
"TICINO SUBLACUALE","Ticino (Fiume)","ITIRN0080982IR"
"LAGO DI COMO (LARIO)","Pioverna orientale (Torrente)","IT03N0080010191LO"
"OGLIO SUBLACUALE","Oglio (Fiume)","IT03N0080609LO"
"LAGO DI GARDA (BENACO)","Toscolano (Torrente)","IT03N008056007392LO"
"LAGO DI COMO (LARIO)","Pioverna occidentale (Torrente)","IT03N008001019031LO"
"TICINO SUBLACUALE","Naviglio Pavese (Canale)","IT03POTI3NPCA1LO"
"OGLIO SUBLACUALE","Guerna (Torrente)","IT03N0080600062LO"
"TICINO SUBLACUALE","Villoresi (Canale)","IT03POTI3VICA1LO"
"ADDA SUBLACUALE","Melesa (Roggia)","IT03N0080011771LO"
"BREMBO","Brembo di Carona (Fiume)","IT03N0080010061LO"
"ADDA SUBLACUALE","Benzona (Roggia)","IT03POAD3BECA1LO"
"LAGO DI COMO (LARIO)","Liro (Torrente)","IT03N00800101802A1LO"
"MELLA","Mella del Molinorso (Torrente)","IT03N008060008062ULO"
"SERIO","Vertova (Torrente)","IT03N008001023122LO"
"CHIESE SUBLACUALE","Nozza (Torrente)","IT03N008060004522LO"
"Po","Po (Fiume)","ITIRN00819IR"
"LAGO DI LUGANO (CERESIO)","Civagno (Torrente)","IT03N00809803505031LO"
"PO","Po Morto - Morciscia (Scolo) - Fuga (Roggia)","IT03IT03N0083560011LO"
"AGOGNA","Erbognone (Torrente)","IT03N0080030022LO"
"SERIO","Ogna (Torrente)","IT03N008001023041LO"
"ADDA PRELACUALE","Belviso (Torrente)","IT03N0080010031LO"
"SERIO","Romna (Torrente)","IT03N008001023131LO"
"TICINO SUBLACUALE","Carona (Roggia) - Vernavola (Roggia)","IT03N0080982751LO"
"OLONA-LAMBRO MERIDIONALE","Olona (Fiume)","IT03N008044002014LO"
"OGLIO SOPRALACUALE","Oglio Frigidolfo (Torrente)","IT03N0080600101LO"
"ADDA PRELACUALE","Caronella (Torrente)","IT03N0080011061LO"
"Po","Mortizza (Rio) - Ancona (Colatore)","IT03N0082501LO"
"OGLIO SUBLACUALE","Rudone (Rio)","IT03N00806000463011LO"
"OGLIO SUBLACUALE","Bambinello (Vaso)","IT03POOG3MEBACA1LO"
"Po","Staffora (Torrente)","IT03N0080882IR"
"SERIO","Serio Morto","IT03N0080010762LO"
"LAMBRO","Lambro (Fiume)","IT03N0080446LO"
"OGLIO SUBLACUALE","Tagliata (Canale)","IT03POOG3TGCA1LO"
"TICINO SUBLACUALE","Ticino (Fiume)","IT03N0080986LO"
"CHIESE SUBLACUALE","Chiese (Fiume)","IT03N00806000416LO"
"OGLIO SUBLACUALE","Navarolo (Canale)","IT03POAG3NACA1LO"
"OLONA-LAMBRO MERIDIONALE","Bozzente (Torrente)","IT03N00804400201102LO"
"SEVESO","Terrò (Torrente)","IT03N00800109101012LO"
"OLONA-LAMBRO MERIDIONALE","Olona (Fiume)","IT03N008041002011LO"
"LAGO MAGGIORE (VERBANO)","Bardello (Fiume)","IT03N0080981151LO"
"ADDA PRELACUALE","Maroggia (Torrente)","IT03N0080011251LO"
"Po","Coppa (Torrente)","IT03N0080222LO"
"LAGO MAGGIORE (VERBANO)","Colmegno (Torrente)","IT03N0080981061LO"
"ADDA PRELACUALE","Adda Vecchia (Torrente)","IT03N008001B1LO"
"LAGO DI COMO (LARIO)","Perlo (Torrente)","IT03N008001055511LO"
"Po","Fossaviva (Canale)","IT03POFVCA1LO"
"CHIESE SUBLACUALE","Chiese (Fiume)","IT03N00806000414LO"
"CHIESE SUBLACUALE","Seriola Di Lonato - Arno (Canale)","IT03POOG3CH3LOCA1LO"
"MINCIO","Caldone (Scolo)","IT03POMI3CACA1LO"
"PO","Agognetta Ponteverde (Roggia)","IT03IT03N0083581LO"
"BREMBO","Brembo di Mezzoldo (Fiume)","IT03N008001006011LO"
"LAGO MAGGIORE (VERBANO)","Grantorella (Torrente) - Margorabbia (Fiume)","IT03N008098035071ULO"
"OGLIO SUBLACUALE","Garza (Torrente)","IT03N008060008353LO"
"LAGO DI LUGANO (CERESIO)","Rezzo (Torrente) - Valle del Cagna (Torrente)","IT03N00809803505021LO"
"LAGO MAGGIORE (VERBANO)","Brabbia (Canale)","IT03N00809811501051LO"
"OGLIO SUBLACUALE","Guerna (Torrente)","IT03N0080600061LO"
"ADDA PRELACUALE","Mallero (Torrente)","IT03N0080010162LO"
"BREMBO","Serina o Ambria (Torrente)","IT03N008001006162LO"
"LAMBRO","Lambro (Fiume)","IT03N0080443LO"
"OGLIO SUBLACUALE","Tartaro Fuga (Canale)","IT03POOG3TFCA1LO"
"Po","Ariazzolo (Colatore)","IT03POARCA1LO"
"TICINO SUBLACUALE","Ticino (Fiume)","ITIRN0080984IR"
"Po","Riadino (Canale)","IT03N0083591IR"
"SERIO","Serio (Fiume)","IT03N0080010233LO"
"AGOGNA","Agogna (Torrente)","IT03N0080036LO"
"BREMBO","Enna (Torrente)","IT03N008001006032LO"
"MELLA","Fiume (Vaso)","IT03POOG3MEFICA1LO"
"ADDA SUBLACUALE","La Molgora (Torrente)","IT03N008001191013LO"
"FISSERO-TARTARO","Molinella (Canale)","ITARW01FI04800010LO"
"BREMBO","Val Parina (Torrente)","IT03N008001006092LO"
"ADDA PRELACUALE","Madrasco (Torrente)","IT03N0080010141LO"
"ADDA PRELACUALE","Lesina (Torrente)","IT03N0080010432LO"
"Serio","Videscola (Colatore)","IT03POAD3VDCA1LO"
"MERA","Valle del Truzzo (Torrente) - Valle del Drogo (Torrente)","IT03N00800101802011LO"
"OGLIO SUBLACUALE","Cidellara - Piave (Scolo)","IT03POOG3CPCA1LO"
"OGLIO SUBLACUALE","Acque Alte (Canale)","IT03POOG3AACA1LO"
"CHIESE SUBLACUALE","Agna (Torrente)","IT03N008060004042LO"
"OGLIO SUBLACUALE","Delmona Vecchia (Canale)","IT03POOG3DEDVCA1LO"
"OGLIO SUBLACUALE","Oglio (Fiume)","IT03N0080607LO"
"Po","Riglio (Roggia)","IT03N0083311LO"
"OGLIO SUBLACUALE","Dugale Aspice (Colatore)","IT03POOG3ASCA1LO"
"LAGO DI COMO (LARIO)","Esino (Torrente)","IT03N0080010571LO"
"LAGO DI COMO (LARIO)","Breggia (Torrente)","IT03N008001055012IN"
"OGLIO SUBLACUALE","Baioncello (Roggia)","IT03POOG3BACA1LO"
"OLONA-LAMBRO MERIDIONALE","Olona (Fiume)","IT03N008044002012LO"
"OLONA-LAMBRO MERIDIONALE","Pudica (Torrente)","IT03N00804100201082LO"
"TICINO SUBLACUALE","Naviglio Grande (Canale)","IT03POTI3GRCA1LO"
"SERIO","Acqualina (Torrente)","IT03N008001023011LO"
"SERIO","Riso (Torrente)","IT03N008001023091LO"
"BREMBO","Lesina (Torrente)","IT03N00800100623A2LO"
"SEVESO","Seveso (Torrente)","IT03N008001091012LO"
"SERIO","Luio (Torrente)","IT03N008001023161LO"
"SERIO","Borgogna (Roggia)","IT03POAD3SEBOCA1LO"
"Po","Secchia (Fiume)","IT03N00808614LO"
"SERIO","Molinara (Roggia)","IT03POAD3SEMOCLO"
"OGLIO SUBLACUALE","Strone (Fiume)","IT03N0080600162LO"
"SEVESO","Serenza (Torrente)","IT03N00800109101131LO"
"ADDA SUBLACUALE","Adda (Fiume)","IT03N00800113LO"
"PO","Aronchio (Torrente)","IT03N0080880051LO"
"OGLIO SUBLACUALE","Riglio (Scolo)","IT03POOG3RICA1LO"
"Po","Naviglio di Melotta (Canale)","IT03POMBNCNMCA1LO"
"MINCIO","Redone (Torrente)","IT03N0080560051LO"
"OGLIO SOPRALACUALE","Re (Torrente)","IT03N0080600731LO"
"OGLIO SOPRALACUALE","Oglio Arcanello (Torrente)","IT03N0080600091LO"
"ADDA SUBLACUALE","Mozzanica (Roggia)","IT03N0080014501LO"
"OGLIO SOPRALACUALE","Ogliolo di Edolo (Torrente)","IT03N0080600111LO"
"SEVESO","Seveso (Torrente)","IT03N008001091014LO"
"OGLIO SOPRALACUALE","Oglio (Fiume)","IT03N0080602LO"
"SEVESO","Seveso (Torrente)","IT03N008001091011LO"
"Po","Curone (Torrente)","IT03N0080264LO"
"SERIO","Morlana (Roggia)","IT03POAD3SEMRCA1LO"
"OLONA-LAMBRO MERIDIONALE","Lambro Meridionale (Colatore)","IT03N0080440021LO"
"LAGO DI GARDA (BENACO)","San Giovanni (Torrente)","IT03N008056007451LO"
"Po","Po (Fiume)","ITIRN00813IR"
"LAMBRO","Bevera (Torrente)","IT03N0080440512LO"
"OGLIO SUBLACUALE","Garza (Torrente)","IT03N008060008352LO"
"LAGO DI LUGANO (CERESIO)","Cuccio (Torrente)","IT03N008098035052LO"
"TICINO SUBLACUALE","Ticino (Fiume)","ITIRN0080983IR"
"LAGO DI COMO (LARIO)","Albano (Torrente)","IT03N0080010012LO"
"ADDA SUBLACUALE","Adda (Fiume)","IT03N0080019LO"
"OGLIO SUBLACUALE","Trenzana (Roggia)","IT03POOG3TTCA1LO"
"BREMBO","Lesina (Torrente)","IT03N00800100623A1LO"
"LAGO DI LUGANO (CERESIO)","Lagadone (Canale)","IT03N00809803505032LO"
"LAGO MAGGIORE (VERBANO)","Giona (Torrente)","IT03N0080980181IN"
"Po","Po (Fiume)","IT03N00812LO"
"OGLIO SOPRALACUALE","Avio (Torrente)","IT03N0080600201LO"
"MELLA","Mella di Sarle (Torrente)","IT03N008060008131LO"
"LAGO DI GARDA (BENACO)","S.Michele (Torrente)","IT03N008056007481LO"
"LAMBRO","Redefossi (Cavo)","IT03POLSRECA1lo"
"Minco","Begotta(Rio)-Freddo(Rio)","IT03N008056012LO"
"MERA","Mera (Fiume)","IT03N0080010182LO"
"MELLA","Faidana (Torrente) - Gobbia (Torrente)","IT03N008060008101LO"
"LAGO DI GARDA (BENACO)","Di Avigo (Rio)","IT03N008056007601LO"
"BREMBO","Stabina (Torrente)","IT03N00800100601032LO"
"OGLIO SOPRALACUALE","Allione (Torrente)","IT03N0080600611LO"
"ADDA PRELACUALE","Adda (Fiume)","IT03N0080012LO"
"CHIESE SUBLACUALE","Abbioccolo (Torrente)","IT03N008060004011LO"
"ADDA SUBLACUALE","Adda (Fiume)","IT03N00800111LO"
"CHIESE SUBLACUALE","Tartaro Fabbrezza (Canale)","IT03POOG3TFZA1LO"
"LAGO DI COMO (LARIO)","Sanagra (Torrente)","IT03N0080011481LO"
"OGLIO SUBLACUALE","COLATORE CUMOLA","-"
"ADDA PRELACUALE","Belviso (Torrente)","IT03N0080010032LO"
"LAGO DI COMO (LARIO)","Liro Caurga (Torrente)","IT03N008001012021LO"
"ADDA PRELACUALE","Roasco Occidentale (Torrente)","IT03N008001022012ULO"
"ADDA PRELACUALE","Adda (Fiume)","IT03N0080016LO"
"Po","Secchia (Fiume)","IT0300108614IR"
"Po","Gandiolo (Colatore)","IT03POMOPBCA1LO"
"ADDA PRELACUALE","Val Foscagno (Torrente)","IT03N008001029081LO"
"PO","Di Valle (Roggia) - Scaricatore della Roggia di Valle - Breme (Canale)","IT03N0083531IR"
"LAGO D'ISEO (SEBINO)","Oneto (Torrente)","IT03N008060002022LO"
"Po","Dugale Parmigiana Moglia (Canale)","IT03POSEPMCA1LO"
"LAGO MAGGIORE (VERBANO)","Acquanegra (Torrente)","IT03N0080980011LO"
"LAMBRO","Lambro (Fiume)","IT03N0080441LO"
"ADDA SUBLACUALE","Adda (Fiume)","IT03N00800112BLO"
"OGLIO SOPRALACUALE","Tovere (Torrente)","IT03N00806000452061LO"
"LAGO MAGGIORE (VERBANO)","Margorabbia (Fiume)","IT03N008098035072LO"
"LAGO DI COMO (LARIO)","Valle Meria (Torrente)","IT03N0080011561LO"
"Po","Bonifica Mantovana","IT030013281IR"
"Po","Versa (Torrente)","IT03N0082452LO"
"MELLA","Laorna (Torrente) - Gandovere (Torrente)","IT03N008060008371LO"
"MELLA","Mandolossa (Roggia)","IT03N008060008302LO"
"LAGO DI COMO (LARIO)","Caldone (Torrente)","IT03N0080011622LO"
"ADDA PRELACUALE","Viola Bormina (Torrente)","IT03N0080010291LO"
"Po","Dugale Pozzolo (Colatore)","IT03POPOCA1LO"
"OGLIO SOPRALACUALE","Dezzo (Torrente)","IT03N0080600052LO"
"Po","Po (Fiume)","IT03N00818LO"
"MELLA","Quinzanello (Vaso)","IT03POOG3QUVA1LO"
"LAGO DI COMO (LARIO)","Cosia (Torrente)","IT03N0080010551LO"
"OGLIO SOPRALACUALE","Val Grande ( Torrente)_x000D_","IT03N008001008A1LO"
"MELLA","Laorna (Torrente) - Gandovere (Torrente)","IT03N008060008372LO"
"Po","Scrivia (Torrente)","ITIR06SS4F714PI"
"TICINO SUBLACUALE","Gravellone (Colatore) - Morasca (Colatore)","IT03N0080981402LO"
"OGLIO SUBLACUALE","Oglio (Fiume)","IT03N0080606ALO"
"Po","Sabbioncello (Canale)","IT03POSBCA1IR"
"MELLA","Dorgola (Torrente)","IT03N008060008121LO"
"MINCIO","Mincio (Fiume)","IT03N0080565LO"
"LAGO MAGGIORE (VERBANO)","Boesio (Torrente)","IT03N0080980071LO"
"OGLIO SOPRALACUALE","Allione (Torrente)","IT03N0080600612LO"
"OGLIO SOPRALACUALE","Poja (Torrente)","IT03N0080600133LO"
"Po","Naviglio Civico di Cremona (Canale)","IT03POMBNCCA1LO"
"MERA","Schiesone (Torrente)","IT03N008001018101LO"
"OGLIO SUBLACUALE","Miola (Rio)","IT03N008060006BU3LO"
"OGLIO SUBLACUALE","Seriola Gambara (Vaso)","IT03N0080600891LO"
"LAGO D'ISEO (SEBINO)","Borlezza (Torrente)","IT03N0080600022LO"
"LAGO DI COMO (LARIO)","Varrone (Torrente)","IT03N0080010271LO"
"Po","Fossalta (Canale)","IT03POFOCA1IR"
"OGLIO SUBLACUALE","Sale (Roggia)","IT03POOG3SACA1LO"
"MERA","Liro (Torrente)","IT03N008001018021LO_x000D_"
"BREMBO","Imagna (Torrente)","IT03N008001006432LO"
"LAGO DI COMO (LARIO)","Pioverna (Torrente)","IT03N0080010193LO"
"MINCIO","Gherardo (Canale)","IT03POMI5GHCA1LO"
"ADDA PRELACUALE","Adda (Fiume)","IT03N0080014ALO"
"BREMBO","Enel (Canale) - Masnada (Roggia)","IT03POAD3BRMACA1LO"
"Po","Versa (Torrente)","IT03N0082451IR"
"CHIESE SUBLACUALE","Chiese (Fiume)","IT03N00806000413LO"
"SERIO","Serio (Fiume)","IT03N0080010237LO"
"ADDA PRELACUALE","Ratti (Torrente)","IT03N008001018131LO"
"Po","Scavizzolo (Canale)","IT03N0080982771LO"
"OLONA-LAMBRO MERIDIONALE","Lura (Torrente)","IT03N00804400201013LO"
"FISSERO-TARTARO","Tione (Fiume)","ITARW01FI03700020LV"
"OLONA-LAMBRO MERIDIONALE","Olona (Fiume)","IT03N008044002013LO"
"LAMBRO","Pegorino (Torrente) - della Valle (Torrente)","IT03N0080440151LO"
"OGLIO SUBLACUALE","Cavata (Scolo)","IT03POOG3SVCA1LO"
"BREMBO","Val Nera (Torrente)","IT03N008001006A1LO"
"OGLIO SUBLACUALE","Diversivo Magio (Cavo)","IT03POOG3MACA1LO"
"MINCIO","Mincio (Fiume)","ITIRN0080563UIR"
"SEVESO","Seveso (Torrente)","IT03N008001091013LO"
"MELLA","Mella (Fiume)","IT03N0080600085LO"
"ADDA PRELACUALE","Adda (Fiume)","IT03N0080013LO"
"ADDA PRELACUALE","Rio di Avedo (Torrente)","IT03N0080010221LO"
"Po","Lanca dei Gozzi o Piave","IT03N0080982761LO"
"LAMBRO","Sillaro (Torrente)","IT03N0080440451LO"
"SERIO","Albina (Torrente)","IT03N00800102318021LO"
"ADDA SUBLACUALE","Vailata (Roggia)","IT03POAD3VACA1LO"
"ADDA SUBLACUALE","Adda (Collettore)","IT03POAD3ACCA1LO"
"LAGO DI COMO (LARIO)","Rio Torto (Fiume)","IT03N0080011612ULO"
"CHIESE SUBLACUALE","Caffaro (Fiume)","IT03N008060004051LO"
"ADDA PRELACUALE","Masino (Torrente)","IT03N0080010171LO"
"ADDA SUBLACUALE","Vignola (Roggia)","IT03POAD3BRVICLO"
"PO","Ariazzolo (Colatore)","IT03POARCA1LO"
"BREMBO","Quisa (Torrente)","IT03N008001006221LO"
"Po","Staffora (Torrente)","IT03N0080884LO"
"MERA","Mera (Fiume)","IT03N0080010181LO"
"Po","Terdoppio (Torrente)","IT03N0080962LO"
"MELLA","Lembrio (Torrente)","IT03N00806000831012LO"
"SERIO","Sanguigno (Torrente)","IT03N00800102307011LO"
"OGLIO SUBLACUALE","Cherio (Fiume)","IT03N0080600032LO"
"MINCIO","Mincio (Fiume)","IT03N0080564LO"
"ADDA SUBLACUALE","Tormo (Roggia)","IT03N0080011931LO"
"OLONA-LAMBRO MERIDIONALE","Lura (Torrente)","IT03N00804400201012LO"
"LAGO DI COMO (LARIO)","Tavani (Torrente)","IT03N0080011331LO"
"CHIESE SUBLACUALE","Chiese (Fiume)","IT03N00806000415BLO"
"LAMBRO","Vettabbia (Cavo)","IT03N008044003071LO"
"ADDA PRELACUALE","Viola Bormina (Torrente)","IT03N0080010292LO"
"TICINO SUBLACUALE","Ticino (Fiume)","ITIRN0080981IR"
"SERIO","Serio (Fiume)","IT03N0080010236LO"
"MELLA","Mella (Fiume)","IT03N0080600084LO"
"LAGO DI COMO (LARIO)","Cosia (Torrente)","IT03N0080010552LO"
"OLONA-LAMBRO MERIDIONALE","Antiga (Torrente)","IT03N00804400201101LO"
