cod_cas,nom_sost,nom_sost_ing
"10004-44-1","IMEXAZOL","Hymexazol"
"10045-86-0","FOSFATO FERRICO","Ferric phosphate"
"10061-01-5","CIS-1,3-DICHLOROPROPENE","1,3-Dichloropropene (cis)"
"10061-02-6","T-1,3-DICLOROPROPENE","Trans 1,3-Dichloropropene"
"100646-51-3","QUIZALOFOP-ETILE-D-ISOMERO","Quizalofop-P-ethyl"
"100728-84-5","IMAZAMETABENZ","Imazamethabenz"
"100784-20-1","HALOSULFURON METHYL","Halosulfuron - methyl"
"101007-06-1","ACRINATRINA","ACRINATHRIN"
"101-05-3","ANILAZINA","ANILAZINE"
"101200-48-0","TRIBENURON-METILE","Tribenuron (aka metometuron)"
"101-21-3","CLORPROFAM","Chlorpropham"
"101-42-8","FENURON","FENURON"
"101463-69-8","FLUFENOXURON","FLUFENOXURON"
"1014-69-3","DESMETRINA","Desmetryn"
"1014-70-6","SIMETRINA","SIMETRYN"
"101917-66-2","IMAZETAPIR-AMMONIUM-SALT","Imazethapyr ammonium"
"1022-22-6","DDMU, pp","DDMU"
"102851-06-9","TAU-FLUVALINATE","TAU-FLUVALINATE"
"103055-07-8","LUFENURON","LUFENURON"
"103112-35-2","FENCLORAZOL-ETILE","Fenchlorazole-ethyl"
"10311-84-9","DIALIFOS","DIALIFOS"
"103-17-3","CLORBENSIDE","chlorbenside"
"103361-09-7","FLUMIOXAZINE","Flumioxazin"
"104040-78-0","FLAZASULFURON","FLAZASULFURON"
"104206-82-8","MESOTRIONE","MESOTRIONE"
"104-40-5","4-N-NONILFENOLO","4-N-NONYLPHENOL"
"105512-06-9","CLODINAFOP-PROPARGIL","clodinafop-propargyl"
"10552-74-6","NITROTAL-ISOPROPILE","Nitrothal"
"106040-48-6","TRIBENURON","Tribenuron"
"10605-21-7","CARBENDAZIM","CARBENDAZIM"
"10606-46-9","2,4-DICOFOL","O,P'-DICOFOL"
"1066-51-9","AMPA","AMPA"
"106700-29-2","PETOXAMIDE","Pethoxamid"
"107-06-2","1,2-DICLOROETANO","1,2-DICHLOROETHANE"
"1072957-71-1","Benzovindiflupyr","Benzovindiflupyr"
"107-49-3","TEPP","Tetraethyl pyrophosphate (TEPP)"
"107534-96-3","TEBUCONAZOLO","Tebuconazole"
"108173-90-6","GUAZATINA","GUAZATINE"
"1085-98-9","DICLOFLUANIDE","Dichlofluanid"
"108-60-1","DICLOROISOPROPILETERE","BIS(2-CHLORO-1-METHYLETHYL) ETHER"
"108-62-3","METALDEIDE","Metaldehyde"
"108-86-1","BROMOBENZENE",""
"110235-47-7","MEPANIPYRIM","MEPANIPYRIM"
"110-42-9","ADOXOPHYES ORANA GRANULOVIRUS CEPPO BV-0001",""
"110488-70-5","DIMETOMORF","Dimethomorph"
"11141-17-6","AZADIRACTINA","Azadirachtin (Margosa extract)"
"1114-71-2","PEBULATE","PEBULATE"
"111479-05-1","PROPAQUIZAFOP","PROPAQUIZAFOP"
"111988-49-9","TIACLOPRID","Thiacloprid"
"111991-09-4","NICOSULFURON","NICOSULFURON"
"112143-82-5","TRIAZAMATE","TRIAZAMATE"
"112226-61-6","HALOFENOZIDE","halofenozide "
"112281-77-3","TETRACONAZOLO","TETRACONAZOLE"
"112-30-1","DECANOLO-N","1-Decanol"
"112410-23-8","TEBUFENOZIDE","TEBUFENOZIDE"
"112-53-8","Dodecan-1-ol","Dodecan-1-ol"
"112-62-9","Metile oleato","9-Octadecenoic (Z)"
"113036-87-6","PRIMISULFURON","PRIMISULFURON"
"113036-88-7","FLUCICLOXURON","Flucycloxuron"
"113136-77-9","CICLANILIDE","Cyclanilide"
"1134-23-2","CICLOATO","Cycloate"
"113-48-4","2,3-DICARBOSSIMIDE","N-octyl bicycloheptene dicarboximide"
"114-26-1","PROPOXUR","PROPOXUR"
"114311-32-9","IMAZAMOX","IMAZAMOX"
"114369-43-6","FENBUCONAZOLO","Fenbuconazole"
"114370-14-8","GLIFOSATE-AMMONIO","Glyphosate ammonium"
"114420-56-3","CLODINAFOP","CLODINAFOP"
"116-01-8","METHYL-ETHOATE","Ethoate-methyl"
"116-06-3","ALDICARB","ALDICARB"
"116255-48-2","BROMUCONAZOLO","Bromuconazole"
"116-29-0","TETRADIFON","TETRADIFON"
"116714-46-6","NOVALURON","NOVALURON"
"117-18-0","TECNAZENE","TECNAZENE"
"117428-22-5","PICOXISTROBIN","PICOXYSTROBIN"
"117718-60-2","TIAZOPIR","Thiazopyr"
"118134-30-8","SPIROXAMINA","SPIROXAMINE"
"119-12-0","PIRIDAFENTION","Pyridaphenthion"
"119168-77-3","TEBUFENPIRAD","TEBUFENPYRAD"
"119446-68-3","DIFENOCONAZOLO","Difenoconazole"
"1194-65-6","DICLOBENIL","DICHLOBENIL"
"119-61-9","BENZOPHENONE",""
"119738-06-6","Quizalofop-P-tefuryl","Quizalofop-P-tefuryl"
"120068-37-3","FIPRONIL","FIPRONIL"
"120116-88-3","CIAZOFAMID","Cyazofamid"
"120162-55-2","AZIMSULFURON","AZIMSULFURON"
"120-23-0","2-NAFTILOSSIACETICO ACIDO","2-Naphthyloxyacetic acid (2-NOA)"
"120-36-5","DICLORPROP","dichlorprop"
"12057-74-8","MAGNESIO FOSFURO","MAGNESIUM PHOSPHIDE"
"12071-83-9","PROPINEB","PROPINEB"
"120923-37-7","AMIDOSULFURON","AMIDOSULFURON"
"120928-09-8","FENAZAQUIN","FENAZAQUIN"
"121-21-1","PIRETRINE","Pyrethrins"
"12122-67-7","ZINEB","ZINEB"
"1214-39-7","6-BENZILADENINA","6-BENZYLADENINE"
"121552-61-2","CIPRODINIL","Cyprodinil"
"121776-33-8","FURILAZOLE","furilazole "
"122008-85-9","CYALOFOP-BUTILE","CYHALOFOP-BUTYL"
"122-42-9","PROFAM","PROPHAM"
"122548-33-8","IMAZOSULFURON","IMAZOSULFURON"
"122-88-3","4-CLOROFENOSSIACETICO ACIDO","4-CPA (4-chlorophenoxyaceticacid = PCPA)"
"122931-48-0","RIMSULFURON","Rimsulfuron (aka renriduron)"
"123312-89-0","PIMETROZINA","Pymetrozine"
"123-33-1","IDRAZIDEMALEICA","Maleic hydrazide"
"12427-38-2","MANEB","MANEB"
"124495-18-7","CHINOSSIFEN","Quinoxyfen"
"125116-23-6","METCONAZOLO","METCONAZOLE"
"125225-28-7","IPCONAZOLE","IPCONAZOLE"
"12527-76-3","RAME SOLFATO","COPPER SULPHATE"
"125401-92-5","BISPIRIBAC-SODIO","Bispyribac"
"126535-15-7","TRIFLUSULFURON-METILE","TRIFLUSULFURON"
"126-75-0","DEMETON-S","Demeton-S"
"126801-58-9","ETOSSISULFURON","ETHOXYSULFURON"
"126833-17-8","FENHEXAMID","FENHEXAMID"
"127277-53-6","CALCIO-PROESADIONE","Prohexadione"
"12771-68-5","ANCIMIDOL","ANCYMIDOL"
"128639-02-1","CARFENTRAZONE-ETILE","Carfentrazone-ethyl"
"129630-19-9","PIRAFLUFEN-ETILE","Pyraflufen-ethyl"
"13071-79-9","TERBUFOS","TERBUFOS"
"13121-70-5","CIEXATIN","CYHEXATIN"
"131341-86-1","FLUDIOXONIL","FLUDIOXONIL"
"1314-84-7","ZINCO FOSFURO","ZINC PHOSPHIDE"
"13171-21-6","FOSFAMIDONE","Phosphamidon"
"1317-39-1","RAME OSSIDO OSO","COPPER OXIDE"
"131807-57-3","FAMOXADONE","FAMOXADONE"
"13181-17-4","BROMOFENOSSIMA","Bromofenoxim"
"131860-33-8","AZOSSISTROBINA","AZOXYSTROBIN"
"131929-60-7","SPINOSIN-A","Spinosyn A"
"131929-63-0","SPINOSIN-D","SPINOSYN D"
"13194-48-4","ETOPROFOS","Ethoprophos"
"131983-72-7","TRITICONAZOLO","TRITICONAZOLE"
"132-66-1","NAPTALAM","NAPTALAM"
"133-06-2","CAPTANO","Captan"
"133-07-3","FOLPET","FOLPET"
"1332-40-7","RAME OSSICLORURO","Copper oxychloride"
"1332-65-6","OSSICLORURI DI RAME","Copper oxychloride"
"1333-22-8","RAME SOLFATO TRIBASICO","Tribasic copper sulfate"
"13356-08-6","FENBUTATINOSSIDO","Fenbutatin oxide"
"13360-45-7","CLORBROMURON","Chlorbromuron"
"1336-15-8","RAME OSSICLORURO DI RAME E CALCIO","TETRACOPPER CALCIUM OXYCHLORIDE"
"134098-61-6","FENPIROXIMATE","Fenpyroximate"
"134180-76-0","TRISILOSSANO-ETOSSILATO-PROPOSSILATO","oxirane"
"134-31-6","8-IDROSSICHINOLINA SOLFATO","8-HYDROXYQUINOLINE SULFATE"
"1344-73-6","RAME SOLFATO BASICO",""
"1344-81-6","ZOLFO CALCICO","Lime sulphur (calcium polysulphid)"
"13457-18-6","PIRAZOFOS","Pyrazophos"
"134-62-3","DIETILTOLUAMMIDE","diethyltoluamide"
"135158-54-2","ACIBENZOLAR S METILE","Acibenzolar-S-methyl (benzothiadiazole)"
"135319-73-2","EPOSSICONAZOLO","EPOXICONAZOLE"
"135410-20-7","ACETAMIPRID","ACETAMIPRID"
"135590-91-9","MEFENPIR-DIETILE","Mefenpyr diethyl"
"135591-00-3","MEFENPIR","Mefenpyr"
"13593-03-8","QUINALFOS","Quinalphos"
"136426-54-5","FLUQUINCONAZOLO","Fluquinconazole"
"13684-56-5","DESMEDIFAM","DESMEDIPHAM"
"13684-63-4","FENMEDIFAM","Phenmedipham"
"13708-85-5","FOSFONATO DISODICO","Disodium phosphonate"
"137-26-8","TIRAM","THIRAM"
"137-30-4","ZIRAM","ZIRAM"
"137-41-7","METAM-POTASSIO","Metam (incl. -potassium and -sodium)"
"137-42-8","METAM-SODIO","Metam (incl. -potassium and -sodium)"
"137641-05-5","PICOLINAFEN","PICOLINAFEN"
"138261-41-3","IMIDACLOPRID","IMIDACLOPRID"
"139001-49-3","PROFOXIDIM","PROFOXYDIM"
"1390661-72-9","FLORPYRAUXIFEN BENZYL","Florpyrauxifen-benzyl"
"139528-85-1","METOSULAM","METOSULAM"
"13977-65-6","FOSFITO DI POTASSIO","Potassium phosphonates (formerly potassium phosphite)"
"139968-49-3","METAFLUMIZONE","METAFLUMIZONE"
"140923-17-7","IPROVALICARB","IPROVALICARB"
"141112-29-0","ISOXAFLUTOLE","ISOXAFLUTOLE"
"141517-21-7","TRIFLOXISTROBIN","TRIFLOXYSTROBIN"
"141-66-2","DICROTOFOS","Dicrotophos"
"141776-32-1","SULFOSULFURON","SULFOSULFURON"
"1420-07-1","DINOTERB","DINOTERB"
"142-28-9","1,3-DICLOROPROPANO","1,3-DICHLOROPROPANE"
"142459-58-3","FLUFENACET","Flufenacet (formerly fluthiamide)"
"142469-14-5","TRITOSULFURON","TRITOSULFURON"
"142891-20-1","CINIDON-ETILE","Cinidon ethyl"
"143390-89-0","KRESOXIM-METILE","Kresoxim-methyl"
"143-50-0","CLORDECONE","Chlordecone"
"143673-88-5","BACILLUS THURINGIENSIS VAR. ISTRAELENSIS",""
"144550-36-7","IODOSULFURON-METILE-SODIO","Iodosulfuron"
"144651-06-9","OXASULFURON","OXASULFURON"
"144740-54-5","FLUPYRSULFURON METILE","Flupyrsulfuron-methyl (DPX KE 459)"
"14484-64-1","FERBAM","FERBAM"
"145026-81-9","PROPOXYCARBOZONE","Propoxycarbazone"
"145701-23-1","FLORASULAM","FLORASULAM"
"145-73-3","ENDOTAL","Endothal"
"14816-18-3","FOXIM","Phoxim"
"148-24-3","8-IDROSSICHINOLINA","8-Hydroxyquinoline incl. Oxyquinoleine"
"148477-71-8","SPIRODICLOFEN","SPIRODICLOFEN"
"148-79-8","TIABENDAZOLO","THIABENDAZOLE"
"149877-41-8","BIFENAZATO","Bifenazate"
"149961-52-4","DIMOSSISTROBINA","Dimoxystrobin"
"149979-41-9","TEPRALOXIDIM","TEPRALOXYDIM"
"150114-71-9","AMINOPIRALID","Aminopyralid"
"150-68-5","MONURON","MONURON"
"15090-23-0","MPPA","3-(hydroxymethylphosphinoyl)propionic acid"
"15165-67-0","DICLORPROP-P","dichlorprop-P"
"15263-53-3","CARTAP","CARTAP"
"15299-99-7","NAPROPAMIDE","NAPROPAMIDE"
"153233-91-1","ETOXAZOLO","Etoxazole"
"153719-23-4","TIAMETOXAM","Thiamethoxam"
"15545-48-9","CLOROTOLURON","Chlorotoluron"
"155569-91-8","EMAMECTINA BENZOATO","EMAMECTIN"
"156052-68-5","ZOXAMIDE","ZOXAMIDE"
"1563-66-2","CARBOFURAN","CARBOFURAN"
"158062-67-0","FLONICAMID","Flonicamid (IKI-220)"
"1593-77-7","DODEMORF","Dodemorph"
"1596-84-5","DAMINOZIDE","DAMINOZIDE"
"1610-17-9","ATRATON","ATRATON"
"1610-18-0","PROMETONE","PROMETON"
"161050-58-4","METOSSIFENOZIDE","METHOXYFENOZIDE"
"161326-34-7","FENAMIDONE","FENAMIDONE"
"1634-78-2","MALAOXON","Malaoxon"
"163515-14-8","DIMETENAMID-P","dimethenamid-P"
"163520-33-0","ISOXADIFEN-ETILE","Isoxadifen-ethyl"
"1646-87-3","ALDICARBSULFOSSIDO","ALDICARB  SULFOXIDE"
"1646-88-4","ALDICARBSULFONE","ALDICARB  SULPHONE"
"16484-77-8","MECOPROP-P","MECOPROP-P"
"16672-87-0","ETEFON","ETHEPHON"
"16752-77-5","METOMIL","METHOMYL"
"168316-95-8","SPINOSAD","SPINOSAD"
"1689-83-4","IOXINIL","IOXYNIL"
"1689-84-5","BROMOXINIL-FENOLO","Bromoxynil"
"1689-99-2","BROMOXINILOTTANOATO","bromoxynil octanoate"
"1702-17-6","CLOPYRALID","CLOPYRALID"
"17040-19-6","DEMETON-S-METILE-SOLFONE","Demeton-S-methyl sulphone"
"17109-49-8","EDIFENFOS","Edifenphos"
"171118-09-5","METOLACLOR-ESA","METOLACHLOR ETHANE SULFONIC ACID"
"17254-80-7","METIL DESFENIL CHLORIDAZON","5-AMINO-4-CHLORO-2-METHYL-3(2H)-PYRIDAZINONE"
"173159-57-4","FORAMSULFURON","FORAMSULFURON"
"173584-44-6","INDOXACARB","INDOXACARB"
"1746-81-2","MONOLINURON","MONOLINURON"
"175013-18-0","PIRACLOSTROBIN","PYRACLOSTROBIN"
"175217-20-6","SILTHIOFAM","SILTHIOFAM"
"17606-31-4","BENSULTAP","BENSULTAP"
"177406-68-7","BENTIAVALICARB-ISOPROPIL","BENTHIAVALICARB"
"17804-35-2","BENOMIL","Benomyl"
"178928-70-6","PROTIOCONAZOLO","PROTHIOCONAZOLE"
"178961-20-1","METOLACLOR (isomero R)",""
"180409-60-3","CYFLUFENAMID","Cyflufenamid"
"180-84-7","1,7-DIOSSASPIRO[5.5]UNDECANO","1,7-Dioxaspiro-[5.5]-undecane"
"181274-15-7","PROPOXYCARBAZONE SODIO","Propoxycarbazone-sodium"
"18181-70-9","IODOFENFOS","Iodofenphos"
"18181-80-1","BROMOPROPILATO","Bromopropylate"
"1836-75-5","NITROFEN","NITROFEN"
"183675-82-3","PENTHIOPYRAD","PENTHIOPYRAD"
"18530-56-8","NORURON","NORURON"
"1861-32-1","CLORTAL-DIMETILE","CHLORTHAL-DIMETHYL"
"1861-40-1","BENFLURALIN","BENFLURALIN"
"18691-97-9","METABENZTIAZURON","Methabenzthiazuron"
"18708-86-6","CLORFENVINFOS-trans","trans-Chlorfenvinphos"
"18708-87-7","CLORFENVINFOS-cis","cis-Chlorfenvinphos"
"188425-85-6","BOSCALID","Boscalid (formerly nicobifen)"
"189278-12-4","PROQUINAZID","PROQUINAZID"
"1897-45-6","CLOROTALONIL","chlorothalonil"
"19044-88-3","ORIZALIN","Oryzalin"
"1910-42-5","PARAQUAT","PARAQUAT"
"1912-26-1","TRIETAZINA","Trietazine"
"1918-02-1","PICLORAM","PICLORAM"
"1918-13-4","CLORTIAMID","Chlorthiamid"
"1918-16-7","PROPACLOR","PROPACHLOR"
"1928-38-7","2,4-D METHYL ESTER","Methyl 2,4-dichlorophenoxyacetate "
"1929-77-7","VERNOLATE","VERNOLATE"
"193740-76-0","FLUOXASTROBIN (E,Z isomero)","Fluoxastrobin (E,Z isomer)"
"1967-16-4","CLORBUFAM","Chlorbufam"
"1982-47-4","CLOROXURON","Chloroxuron"
"19937-59-8","METOXURON","METOXURON"
"2008-41-5","BUTILATE","Butylate"
"203313-25-1","SPIROTETRAMMATO","Spirotetramat"
"20427-59-2","RAME IDROSSIDO","Copper hydroxide"
"208465-21-8","MESOSULFURON-METILE","MESOSULFURON"
"20859-73-8","ALLUMINIO FOSFURO","ALUMINIUM PHOSPHIDE"
"209866-92-2","ISOXADIFEN","Isoxadifen"
"2104-96-3","BROMOFOS, BROMOFOS-METILE","Bromophos"
"210880-92-5","CLOTHIANIDIN","CLOTHIANIDIN"
"21293-29-8","S-ABSCISIC ACID","S-abscisic acid"
"213464-77-8","ORTHOSULFAMURON","ORTHOSULFAMURON"
"2163-68-0","2-IDROSSIATRAZINA","2-hydroxyatrazine"
"2164-08-1","LENACIL","LENACIL"
"2164-17-2","FLUOMETURON","FLUOMETURON"
"217-59-4","TRIFENILENE","Triphenylene"
"2179-25-1","METIOCARB SULFONE","Methiocarb sulfone"
"218-01-9","CHRYSENE",""
"219714-96-2","PENOXSULAM","PENOXSULAM"
"220899-03-6","METRAFENONE","Metrafenone"
"221667-31-8","CIPROSULFAMIDE","CYPROSULFAMIDE"
"22212-55-1","BENZOILPROP-ETILE","Benzoylprop"
"22224-92-6","FENAMIFOS","Fenamiphos (aka phenamiphos)"
"22248-79-9","TETRACLORVINFOS","TETRACHLORVINPHOS"
"22259-30-9","FORMETANATE","FORMETANATE"
"2275-23-2","VAMIDOTION","Vamidothion"
"22781-23-3","BENDIOCARB","BENDIOCARB"
"23031-36-9","PRALLETRIN","prallethrin"
"2310-17-0","FOSALONE","Phosalone"
"2312-35-8","PROPARGITE","PROPARGITE"
"23135-22-0","OXAMIL","Oxamyl"
"2314-09-2","FLURENOL(BUTYL)","flurenol-butyl"
"23184-66-9","BUTACLOR","Butachlor"
"23505-41-1","PIRIMIFOS-ETILE","PIRIMIPHOS-ETHYL"
"23560-59-0","EPTENOFOS","HEPTENOPHOS"
"2385-85-5","MIREX","MIREX"
"239110-15-7","FLUOPICOLIDE","FLUOPICOLIDE"
"23947-60-6","ETHIRIMOL","ETHIRIMOL"
"23950-58-5","PROPIZAMIDE","Propyzamide"
"24017-47-8","TRIAZOFOS","TRIAZOPHOS"
"2425-06-1","CAPTAFOL","CAPTAFOL"
"2439-01-2","CHINOMETIONATO","Chinomethionat (aka quinomethionate)"
"2439-10-3","DODINA","Dodine"
"243973-20-8","PINOXADEN","PINOXADEN"
"24579-73-5","PROPAMOCARB","PROPAMOCARB"
"24602-86-6","TRIDEMORF","Tridemorph"
"24934-91-6","CLORMEFOS","Chlormephos"
"24938-91-8","TRIDECILICO ETOSSILATO ALCOL","TRIDECYL ETHOXYLATED ALCOHOL"
"25154-52-3","NONILFENOLO",""
"25311-71-1","ISOFENFOS","Isofenphos"
"2540-82-1","FORMOTION","Formothion"
"257-141-8","DICLOFOP-METILE","diclofop"
"2593-15-9","ETRIDIAZOLO","ETRIDIAZOLE"
"25954-13-6","FOSAMINA D'AMMONIO","fosamine ammonium"
"2595-54-2","MECARBAM","MECARBAM"
"2597-03-7","FENTOATO","Phenthoate"
"2600-69-3","FORATE OXON","Phoratoxon"
"26225-79-6","ETOFUMESATE","Ethofumesate"
"26244-33-7","ETOFUMESATE 2 KETO","Ethofumesate-2-keto"
"26259-45-0","SECBUMETONE","Secbumeton"
"2635-10-1","METIOCARB-SOLFOSSIDO","Methiocarb sulfoxide"
"2636-26-2","CIANOFOS","cyanophos"
"26399-36-0","PROFLURALIN","profluralin "
"2642-71-9","AZINFOS-ETILE","Azinphos ethyl"
"26644-46-2","TRIFORINE","TRIFORINE"
"26718-65-0","TRANS-MEVINPHOS","MEVINPHOS"
"2675-77-6","CLORONEB","CHLORONEB"
"26952-23-8","DICLOROPROPENE","1,1-Dichloropropene"
"2699-79-8","DIFLUORURO DI SOLFORILE","SULFURYL FLUORIDE"
"27314-13-2","NORFLURAZON","NORFLURAZON"
"28044-83-9","EPTACLORO ENDO EPOSSIDO","HEPTACHLOR ENDO EPOXIDE"
"28079-04-1","Z-8-DODECENIL ACETATO","(Z)-8-Dodecen-1-yl acetate"
"283159-90-0","VALIFENALATE","Valifenalate (formerly Valiphenal)"
"283594-90-1","SPIROMESIFEN","SPIROMESIFEN"
"28434-00-6","BIOALLETRINA","Bioallethrin"
"28772-56-7","BROMADIOLONE","BROMADIOLONE"
"29091-05-2","DINITRAMINA","Dinitramine"
"29091-21-2","PRODIAMINE","prodiamine "
"29104-30-1","BENZOSSIMATO","Benzoximate"
"29232-93-7","PIRIMIFOS-METILE","PIRIMIPHOS-METHYL"
"297-97-2","ZINOFOS","THIONAZIN"
"298-02-2","FORATE","Phorate"
"298-03-3","DEMETON-O","Demeton-O"
"298-04-4","DISULFOTON","DISULFOTON"
"298-14-6","POTASSIO IDROGENOCARBONATO","Potassium hydrogen carbonate"
"29973-13-5","ETIOFENCARB","Ethiofencarb"
"299-84-3","FENCLORFOS","Fenchlorphos"
"30043-49-3","ETIDIMURON","Ethidimuron (aka sulfodiazol )"
"30125-63-4","TERBUTILAZINA-DESETIL","desethyl-terbuthylazine"
"30125-64-5","TERBUMETONE-DESETIL","Desethylterbumeton"
"30560-19-1","ACEFATE","ACEPHATE"
"3060-89-7","METOBROMURON","METOBROMURON"
"30614-22-3","PIRIMICARB-DESMETILE","Desmethyl-pirimicarb"
"30864-28-9","METACRIFOS","METHACRIFOS"
"3100-04-7","1-METILCICLOPROPENE","1-methylcyclopropene"
"311-45-5","PARAOXON-ETILE","PARAOXON-ETHYL"
"317815-83-1","THIENCARBAZONE METILE","THIENCARBAZONE"
"31972-43-7","FENAMIFOS SOLFOSSIDO","Fenamiphos sulfoxide"
"31972-44-8","FENAMIFOS SOLFONE","Fenamiphos sulfone"
"32809-16-8","PROCIMIDONE","Procymidone"
"33089-61-1","AMITRAZ","AMITRAZ"
"3337-71-1","ASULAME","ASULAM"
"3347-22-6","DITIANON","Dithianon"
"335104-84-2","TEMBOTRIONE","TEMBOTRIONE"
"33629-47-9","BUTRALIN","BUTRALIN"
"33693-04-8","TERBUMETON","TERBUMETON"
"33820-53-0","ISOPROPALIN","ISOPROPALIN"
"3383-96-8","TEMEFOS","Temephos"
"338-45-4 ","CIS-MEVINPHOS","cis-Mevinphos"
"3397-62-4","ATRAZINA DESETIL DESISOPROPIL","ATRAZINE DESETHYL DESISOPROPYL"
"34014-18-1","TEBUTIURON","Tebuthiuron"
"34363-01-4","PINOLENE","Di-1-p-menthene B470"
"34681-10-2","BUTOCARBOXIM","BUTOCARBOXIM"
"3478-94-2","PIPERALIN","PIPERALIN"
"348635-87-0","AMISULBROM","Amisulbrom"
"35367-38-5","DIFLUBENZURON","DIFLUBENZURON"
"35554-44-0","IMAZALIL","Imazalil (aka enilconazole)"
"361377-29-9","FLUOXASTROBIN","FLUOXASTROBIN"
"36734-19-7","IPRODIONE","IPRODIONE"
"36756-79-3","TIOCARBAZIL","TIOCARBAZIL"
"3689-24-5","SULFOTEP","SULFOTEP"
"3691-35-8","CLOROFACINONE","Chlorophacinone"
"3734-49-4","NONACLOR","Nonachlor"
"3740-92-9","FENCLORIM","FENCLORIM"
"374726-62-2","MANDIPROPAMID","MANDIPROPAMID"
"3761-41-9","Fention solfossido","Fenthion"
"3761-42-0","FENTION SULFONE","Fenthiosulf"
"37764-25-3","DICLORMID","dichlormid "
"37893-02-0","FLUBENZIMIN","Flubenzimine"
"37924-13-3","PERFLUIDONE","PERFLUIDONE"
"38363-29-0","E-8-DODECENIL-ACETATO","(E)-8-Dodecen-1-yl acetate"
"38421-90-8","E-5-DECENIL-ACETATO","(E)-5-Decen-1-yl acetate"
"3861-47-0","IOXINIL-OTTANOATO","IOXYNIL"
"39148-24-8","FOSETIL-ALLUMINIO","fosetyl"
"39300-45-3","DINOCAP","DINOCAP"
"39515-41-8","FENPROPATRIN","Fenpropathrin"
"39765-80-5","TRANS-NONACLOR","trans-Nonachlor"
"39807-15-3","OXADIARGIL","Oxadiargyl"
"40596-69-8","METOPRENE","Methoprene"
"40642-40-8","Z-8-DODECENOL","(Z)-8-Dodecen-1-ol"
"40843-25-2","DICLOFOP","diclofop"
"4097-34-1","BRANDOL","Brandol (hydroxynonyl-2,6-dinitrobenzene)"
"41083-11-8","AZOCICLOTIN","AZOCYCLOTIN"
"41198-08-7","PROFENOFOS","PROFENOFOS"
"41483-43-6","BUPIRIMATE","BUPIRIMATE"
"41814-78-2","TRICICLAZOLO","Tricyclazole"
"420-04-2","CIANAMIDE","Cyanamide (H & Ca cyanamide)"
"422556-08-9","PYROXSULAM","Pyroxsulam"
"42576-02-3","BIFENOX","BIFENOX"
"42874-03-3","OXIFLUORFEN","Oxyfluorfen"
"43121-43-3","TRIADIMEFON","TRIADIMEFON"
"43222-48-6","DIFENZOQUAT","DIFENZOQUAT"
"443-48-1","METRONIDAZOLO","METRONIDAZOLE"
"467-69-6","FLURENOL","Flurenol (flurecol)"
"468-44-0","GIBBERELLINE",""
"473798-59-3","FENPYRAZAMINE","FENPYRAZAMINE"
"4824-78-6","BROMOFOS-ETILE","Bromophos-ethyl"
"485-31-4","BINAPACRIL","Binapacryl"
"4891-54-7","DEMETON-SULFONE","Demeton-o sulfone"
"500008-45-7","CLORANTRANILIPROLO","Chlorantraniliprole"
"50471-44-8","VINCLOZOLIN","VINCLOZOLIN"
"50563-36-5","DIMETACLOR","Dimethachlor"
"50594-66-6","ACIFLUORFENE","ACIFLUORFEN"
"50864-67-0","BARIOPOLISOLFURI","Barium polysulphide"
"510-15-6","CLOROBENZILATO","Chlorobenzilate"
"51-03-6","PIPERONIL-BUTOSSIDO","Piperonyl butoxide"
"51235-04-2","ESAZINONE","Hexazinone"
"51276-47-2","GLUFOSINATE","Glufosinate"
"5131-24-8","DITALIMFOS","DITALIMFOS"
"51596-10-2","MILBEMECTINA","MILBEMECTIN"
"51630-58-1","FENVALERATE","FENVALERATE"
"517875-34-2","FENPICOXAMID","Fenpicoxamid (formerly: Lyserphenvalpyr)"
"52315-07-8","CIPERMETRINA","CYPERMETHRIN"
"5234-68-4","CARBOSSINA","CARBOXIN"
"52-51-7","BRONOPOL","BRONOPOL"
"5259-88-1","OSSICARBOSSINA","Oxycarboxin"
"52645-53-1","PERMETRINA","PERMETHRIN"
"52-68-6","TRICLORFON","TRICHLORFON"
"527-20-8","PENTACLOROANILINA","pentachloroaniline"
"52756-22-6","FLAMPROP-ISOPROPILE","Flamprop-isopropyl"
"52756-25-9","FLAMPROP-METILE","flamprop-methyl"
"52888-80-9","PROSULFOCARB","PROSULFOCARB"
"52918-63-5","DELTAMETRINA","Deltamethrin"
"53112-28-0","PIRIMETANIL","Pyrimethanil"
"533-74-4","DAZOMET","DAZOMET"
"53494-70-5","ENDRIN-CHETONE","Endrin ketone"
"54-11-5","NICOTINA","Nicotine"
"542-75-6","1,3-DICLOROPROPENE","1,3-DICHLOROPROPENE"
"54364-62-4","7E,9Z-DODECADIENILACETATO","(E,Z)-7,9-Dodecadien-1-yl acetate"
"55179-31-2","BITERTANOLO","Bitertanol"
"55200-89-0","SOLFATO IDROSSIDO DI RAME","COPPER HYDROXIDE SULPHATE"
"55219-65-3","TRIADIMENOL","TRIADIMENOL"
"55283-68-6","ETALFLURALIN","Ethalfluralin"
"55285-14-8","CARBOSULFAN","CARBOSULFAN"
"55335-06-3","TRICLOPIR","Triclopyr"
"55512-33-9","PIRIDATE","PYRIDATE"
"555-37-3","NEBURON","NEBURON"
"55635-13-7","ALLOSSIDIM SODIO","Alloxydim"
"56073-07-5","difenacum","Difenacoum"
"56073-10-0","BRODIFACOUM","BRODIFACOUM"
"563-12-2","ETION","Ethion"
"56425-91-3","FLURPRIMIDOL","FLURPRIMIDOL"
"56573-85-4","TRIBUTILSTAGNO",""
"56578-18-8","E-5-DECEN-1-OLO","(E)-5-Decen-1-ol"
"56-72-4","CUMAFOS","Coumaphos"
"57018-04-9","TOLCLOFOS-METILE","tolclofos-methyl"
"57646-30-7","FURALAXIL","Furalaxyl"
"577-11-7","DIOTTIL-SOLFO-SUCCINATO DI SODIO","Docusate sodium"
"57960-19-7","ACEQUINOCYL","ACEQUINOCYL"
"57966-95-7","CIMOXANIL","Cymoxanil"
"581809-46-3","BIXAFEN","Bixafen"
"5836-10-2","CLOROPROPILATO","Chloropropylate"
"5836-29-3","COUMATETRALIL","Coumatetralyl"
"58667-63-3","FLAMPROP","Flamprop"
"58-89-9","ESACLOROCICLOESANO gamma","LINDANE"
"5902-51-2","TERBACIL","TERBACIL"
"59669-26-0","TIODICARB","THIODICARB"
"59682-52-9","FOSAMINA","Fosamine"
"59756-60-4","FLURIDONE","FLURIDONE"
"60168-88-9","FENARIMOL","FENARIMOL"
"60207-90-1","PROPICONAZOLO","Propiconazole"
"6119-92-2","MEPTILDINOCAP","Meptyldinocap"
"61213-25-0","FLUROCLORIDONE","Flurochloridone"
"61432-55-1","DIMEPIPERATE","DIMEPIPERATE"
"61-82-5","AMITROL","Amitrole (aminotriazole)"
"62850-32-2","FENOTIOCARB","Fenothiocarb"
"62924-70-3","FLUMETRALIN","FLUMETRALIN"
"63148-62-9","DIMETILPOLISSILOSSANO","Polydimethylsiloxanes"
"63-25-2","CARBARIL","Carbaryl"
"63284-71-9","NUARIMOL","NUARIMOL"
"63782-90-1","FLAMPROP-ISOPROPILE-D-ISOMERO","Flamprop-M"
"640-15-3","TIOMETONE","Thiometon"
"64628-44-0","TRIFLUMURON","TRIFLUMURON"
"64902-72-3","CLORSULFURON","Chlorsulfuron"
"65731-84-2","CIPERMETRINA beta","beta-cypermethrin"
"658066-35-4","FLUOPYRAM","Fluopyram"
"65-85-0","BENZOICACID","Benzoic acid"
"6589-36-2","3-SECBUTIL 6-METILURACILE","3-sec-butyl-6-methyluracil"
"65907-30-4","FURATIOCARB","Furathiocarb"
"66063-05-6","PENCICURON","Pencycuron"
"66215-27-8","CIROMAZINA","Cyromazine"
"66230-04-4","ESFENVALERATE","ESFENVALERATE"
"66332-96-5","FLUTOLANIL","FLUTOLANIL"
"66441-23-4","FENOXAPROP-ETILE","Fenoxaprop"
"66753-07-9","2-IDROSSITERBUTILAZINA","hydroxy-terbuthylazine"
"668-34-8","Fentin","Fentin "
"66841-25-6","TRALOMETRINA","Tralomethrin"
"67129-08-2","METAZACLOR","Metazachlor"
"67306-00-7","FENPROPIDIN","FENPROPIDIN"
"67375-30-8","ALFACIPERMETRINA","Alpha-Cypermethrin (aka alphamethrin)"
"67485-29-4","IDRAMETILNON","Hydramethylnon"
"67564-91-4","FENPROPIMORF","Fenpropimorph"
"67892-31-3","TRICHODERMA ARZIANUM","Trichoderma harzianum Rifai strain"
"67892-35-7","LECANICILLIUM MUSCARIUM","Lecanicillium muscarium strain Ve6"
"68038-71-1","BACILLUS THURINGIENSIS VAR.KURSTAKI",""
"68085-85-8","CIALOTRINA","Cyhalothrin"
"68157-60-8","FORCLORFENURON","FORCHLORFENURON"
"68359-37-5","CIFLUTRIN","beta-CYFLUTHRIN"
"68439-30-5","ISODECIL-ALCOOL-ETOSSILATO","Isodecyl Alcohol, Ethoxylated, Propoxylated"
"68526-86-3","ISOTRIDECILICO ALCOL","ISOTRIDECYL ALCOHOL"
"68585-34-2","ALCHIL ETERE SOLFATO DI SODIO","ALKYL ETHER SODIUM SULFATE"
"68694-11-1","TRIFLUMIZOLE","TRIFLUMIZOLE"
"688046-61-9","PYRIOFENONE","Pyriofenone"
"6923-22-4","MONOCROTOFOS","MONOCROTOPHOS"
"69327-76-0","BUPROFEZIN","BUPROFEZIN"
"69335-91-7","FLUAZIFOP","FLUAZIFOP"
"69377-81-7","FLUROXIPIR","Fluroxypyr"
"69409-94-5","FLUVALINATE","fluvalinate"
"69806-34-4","HALOXIFOP","HALOXYFOP"
"69806-40-2","HALOXIFOP-METILE","HALOXYFOP-METHYL"
"69806-50-4","FLUAZIFOP-BUTYL","fluazifop"
"70124-77-5","FLUCITRINATE","Flucythrinate"
"70630-17-0","METALAXIL-M","metalaxyl-M"
"71283-80-2","FENOXAPROP-P-ETILE","Fenoxaprop-P"
"71561-11-0","PIRAZOSSIFEN","Pyrazoxyfen"
"71626-11-4","BENALAXIL","BENALAXYL"
"71697-59-1","CIPERMETRINA theta","theta-cypermethrin"
"71751-41-2","ABAMECTINA","Abamectin (aka avermectin)"
"72178-02-0","FOMESAFEN","FOMESAFEN"
"72-43-5","METOSSICLORO","METHOXYCHLOR"
"72459-58-6","Triazoxide","Triazoxide"
"72490-01-8","FENOXICARB","Fenoxycarb"
"72-56-0","PERTANE","perthane"
"72619-32-0","HALOXIFOP-R-METILESTERE","Haloxyfop-P (Haloxyfop-R)"
"72963-72-5","IMIPROTRIN","imiprothrin "
"731-27-1","TOLILFLUANIDE","Tolylfluanid"
"732-11-6","FOSMET","Phosmet"
"736994-63-1","CYANTRANILIPROLE","Cyantraniliprole"
"74051-80-2","SETOXIDIM","Sethoxydim"
"74115-24-5","CLOFENTAZINE","CLOFENTEZINE"
"741-58-2","BENSULIDE","BENSULIDE"
"7421-93-4","ENDRIN-ALDEIDE","Endrin aldehyde"
"74223-64-6","METSULFURON-METILE","Metsulfuron-methyl"
"74-83-9","BROMURODIMETILE","Methyl bromide"
"74-87-3","CLOROMETANO",""
"74-95-3","DIBROMOMETHANE",""
"74-97-5","BROMOCLOROMETANO",""
"75736-33-3","DICLOBUTRAZOLO","Diclobutrazol"
"75-99-0","DALAPON","DALAPON"
"759-94-4","EPTC","EPTC (S-dipropylthiocarbamate)"
"76-03-9","TCA","TCA"
"76-06-2","CLOROPICRINA","Chloropicrin"
"76578-14-8","QUIZALOFOP-ETILE","Quizalofop-P"
"76674-21-0","FLUTRIAFOL","FLUTRIAFOL"
"76738-62-0","paclobutrazolo","Paclobutrazol"
"76-87-9","FENTINIDROSSIDO","Fentin hydroxide"
"7696-12-0","TETRAMETRINA","Tetramethrin"
"7704-34-9","ZOLFO","SULPHUR"
"77-06-5","GIBBERELLICO A3 ACIDO","GIBBERELLIC ACID"
"77182-82-2","GLUFOSINATE-AMMONIO","GLUFOSINATE"
"7720-78-7","SOLFATO  DI FERRO","IRON SULPHATE"
"7758-99-8","RAME SOLFATO PENTAIDRATO",""
"7775-09-9","SODIO CLORATO","SODIUM CHLORATE"
"78-48-8","TRIBUFOS","Tribufos (s,s,s-tributyl-phosphorotrithioate)"
"78587-05-0","EXITIAZOX","Hexythiazox"
"786-19-6","CARBOFENOTION","Carbophenothion"
"79241-46-6","FLUAZIFOP-P-BUTILE","fluazifop-P"
"79277-27-3","TIFENSULFURON-METILE","Thifensulfuron-methyl"
"79510-48-8","METSULFURON","Metsulfuron"
"79538-32-2","TEFLUTRIN","Tefluthrin"
"79622-59-6","FLUAZINAM","FLUAZINAM"
"79983-71-4","ESACONAZOLO","Hexaconazole"
"8001-22-7","OLIO DI SOIA","Soybean extract"
"8001-35-2","TOXAFENE","Camphechlor"
"8002-13-9","OLIO DI COLZA","Rape oil"
"8011-63-0","poltiglia bordolese","Bordeaux mixture"
"8012-95-1","OLIO MINERALE","PARAFFIN OILS"
"8017-34-3","DDT","DDT"
"8018-01-7","MANCOZEB","MANCOZEB"
"8030-53-3","GIBBERELLINE A4/A7","Gibberellins"
"80-33-1","CLORFENSON","Chlorfenson (aka chlorfenizon)"
"80-38-6","FENSON","Fenson (aka fenizon)"
"8042-47-5","OLIO MINERALE (OLIO PARAFFINICO BIANCO)","Paraffin oil/(CAS 8042-47-5)"
"8065-48-3","DEMETON","DEMETON"
"80844-07-1","ETOFENPROX","ETOFENPROX"
"81334-34-1","IMAZAPIR","Imazapyr"
"81335-77-5","IMAZETAPIR","Imazethapyr"
"81405-85-8","IMAZAMETABENZ-METILE","imazamethabenz-methyl"
"81591-81-3","GLIFOSATE-TRIMESIO","glyphosate trimesium"
"81-81-2","WARFARINA","Warfarin (aka coumaphene)"
"81-82-3","COUMACLORO","Coumachlor"
"82097-50-5","TRIASULFURON","TRIASULFURON"
"82558-50-7","ISOXABEN","ISOXABEN"
"82560-54-1","BENFURACARB","BENFURACARB"
"82657-04-3","BIFENTRINA","Bifenthrin"
"82-68-8","QUINTOZENE","QUINTOZENE"
"83121-18-0","TEFLUBENZURON","TEFLUBENZURON"
"83164-33-4","DIFLUFENICAN","DIFLUFENICAN"
"83-79-4","ROTENONE","ROTENONE"
"841-06-5","METOPROTRIN","METHOPROTRYNE"
"84332-86-5","CLOZOLINATE","Chlozolinate"
"84-65-1","ANTRACHINONE","ANTHRAQUINONE"
"84852-15-3","4-NONILFENOLO","4-NONYLPHENOL, BRANCHED"
"85-00-7","DIQUAT","Diquat"
"85509-19-9","FLUSILAZOLO","Flusilazole"
"86209-51-0","PRIMISULFURON-METILE","primisulfuron methyl"
"86479-06-3","ESAFLUMURON","HEXAFLUMURON"
"86-50-0","AZINFOS-METILE","AZINPHOS-METHYL"
"867-27-6","DEMETON-O-METILE","DEMETON O METHYL"
"86-86-2","NICOTINAMMIDE ADENINA DINUCLEOTIDE","1-Naphthylacetamide (1-NAD)"
"86-87-3","1-ACIDO NAFTILACETICO","1-Naphthylacetic acid (1-NAA)"
"87130-20-9","DIETOFENCARB","Diethofencarb"
"87237-48-7","HALOXIFOP-ETOSSIETILE","haloxyfop-etotyl"
"87392-12-9","S-METOLACLOR","S-Metolachlor"
"874967-67-6","SEDAXANE","Sedaxane"
"87546-18-7","FLUMICLORAC PENTYL","FLUMICLORAC-PENTYL"
"87674-68-8","DIMETENAMIDE","Dimethenamid"
"87820-88-0","TRALCOXIDIM","TRALKOXYDIM"
"881685-58-1","ISOPYRAZAM","ISOPYRAZAM"
"88283-41-4","PIRIFENOX","Pyrifenox"
"88349-88-6","CLOQUINTOCET","CLOQUINTOCET"
"88671-89-0","MICLOBUTANIL","Myclobutanil"
"88-85-7","DINOSEB","Dinoseb, its acetate and salts"
"9002-92-0","LAURILICO ETOSSILATO ALCOL","LAURYL ETHOXYLATED ALCOHOL"
"9004-62-0","IDROSSI-ETIL-CELLULOSA","Hydroxyethyl cellulose"
"9004-82-4","SALE DI SODICO DI ALCHILETERE","2-dodecoxyethyl hydrogen sulfate"
"9005-65-6","SORBITAN MONO OLEATO ETOSSILATO","Polysorbate 80 (glycol)"
"9006-42-2","METIRAM","METIRAM"
"900-95-8","FENTINACETATO","Fentin acetate"
"9016-45-9","NONIL-FENOLO-ETOSSILATO",""
"90-43-7","2-FENILFENOLO","2-Phenylphenol (incl. sodium salt orthophenyl phenol)"
"907204-31-3","FLUXAPYROXAD","Fluxapyroxad"
"90-98-2","DBP, pp","4,4'-Dichlorobenzophenone"
"91465-08-6","CIALOTRINA-LAMBDA","lambda-Cyhalothrin"
"91-53-2","ETOSSICHINA","ETHOXYQUIN"
"919-86-8","DEMETON-S-METILE","Demeton-S-methyl"
"935545-74-7","SPINETORAM","spinetoram"
"93-76-5","2,4,5-TRICLOROFENOSSIACETICO ACIDO","2,4,5-T"
"94051-08-8","(R)-2-[4-(6-Chloro-2-quinoxalinyloxy)phenoxy]propionic acid","(R)-2-[4-(6-Chloro-2-quinoxalinyloxy)phenoxy]propionic acid"
"94125-34-5","PROSULFURON","PROSULFURON"
"94361-06-5","CIPROCONAZOLO","Cyproconazole"
"944-22-9","FONOFOS","FONOFOS"
"94593-91-6","CINOSULFURON","CINOSULFURON"
"946578-00-3","SULFOXAFLOR","Sulfoxaflor"
"94-81-5","MCPB","MCPB"
"94-82-6","2,4-DICLOROFENOSSIBUTIRICO ACIDO","2,4-DB"
"950-35-6","PARAOXON-METILE","PARAOXON METHYL, DIMETHYL-P-NITROPHENYLPHOSPHATE"
"950-37-8","METIDATION","Methidathion"
"951659-40-8","FLUPYRADIFURONE","Flupyradifurone"
"95266-40-3","TRINEXAPAC-ETILE","Trinexapac (aka cimetacarb ethyl)"
"953030-84-7","BUPROFEZIN-Z","buprofezin (Z)-isomer"
"95465-99-9","CADUSAFOS","Cadusafos (aka ebufos)"
"95737-68-1","PYRIPROXYFEN","PYRIPROXYFEN"
"957-51-7","DIFENAMIDE","Diphenamid (aka difenamide)"
"95-95-4","2,4,5-TRICLOROFENOLO","2,4,5-trichlorophenol"
"95977-29-0","HALOXIFOP-P","Haloxyfop-P (Haloxyfop-R)"
"96489-71-3","PIRIDABEN","PYRIDABEN"
"96525-23-4","FLURTAMONE","FLURTAMONE"
"97-17-6","DICLOFENTION","dichlofenthion"
"97955-44-7","CIPERMETRINA zeta","zeta-Cypermethrin"
"98243-83-5","BENALAXIL-M","BENALAXYL-M"
"98886-44-3","FOSTIAZATE","Fosthiazate"
"99129-21-2","CLETODIM","CLETHODIM"
"99-30-9","DICLORAN","DICLORAN"
"99-49-0","CARVONE","carvone"
"99607-70-2","CLOQUINTOCET MEXIL","CLOQUINTOCET MEXYL"
"99675-03-3","ISOFENFOS-METILE","Isofenphos-methyl"
"999-81-5","CLORMEQUAT","Chlormequat"
